https://en.wikipedia.org/wiki/Actinolite,Actinolite
https://en.wikipedia.org/wiki/Adamite,Adamite
https://en.wikipedia.org/wiki/Adularia,Adularia
https://en.wikipedia.org/wiki/Aegirine,Aegirine
https://en.wikipedia.org/wiki/Afghanite,Afghanite
https://en.wikipedia.org/wiki/Agate,Agate
https://en.wikipedia.org/wiki/Agrellite,Agrellite
https://en.wikipedia.org/wiki/Albite,Albite
https://en.wikipedia.org/wiki/Alexandrite,Alexandrite
https://en.wikipedia.org/wiki/Algodonite,Algodonite
https://en.wikipedia.org/wiki/Almandine,Almandine
https://en.wikipedia.org/wiki/Almandine,Almandine,Almandine, 
https://en.wikipedia.org/wiki/Alunite,Alunite
https://en.wikipedia.org/wiki/Amazonite,Amazonite
https://en.wikipedia.org/wiki/Amber,Amber
https://en.wikipedia.org/wiki/Amblygonite,Amblygonite
https://en.wikipedia.org/wiki/Amethyst,Amethyst
https://en.wikipedia.org/wiki/Ametrine,Ametrine
https://en.wikipedia.org/wiki/Ammolite,Ammolite
https://en.wikipedia.org/wiki/Ammonoidea,Ammonoidea
https://en.wikipedia.org/wiki/Analcime,Analcime
https://en.wikipedia.org/wiki/Anatase,Anatase
https://en.wikipedia.org/wiki/Andalusite,Andalusite
https://en.wikipedia.org/wiki/Andesine,Andesine
https://en.wikipedia.org/wiki/Andradite,Andradite
https://en.wikipedia.org/wiki/Anglesite,Anglesite
https://en.wikipedia.org/wiki/Anhydrite,Anhydrite
https://en.wikipedia.org/wiki/Annabergite,Annabergite
https://en.wikipedia.org/wiki/Anorthite,Anorthite
https://en.wikipedia.org/wiki/Anorthoclase,Anorthoclase
https://en.wikipedia.org/wiki/Anthracite,Anthracite
https://en.wikipedia.org/wiki/Antigorite,Antigorite
https://en.wikipedia.org/wiki/Anyolite,Anyolite
https://en.wikipedia.org/wiki/Apache_tears,Apache tears
https://en.wikipedia.org/wiki/Apatite,Apatite
https://en.wikipedia.org/wiki/Apophyllite,Apophyllite
https://en.wikipedia.org/wiki/Aquamarine_(gem),Aquamarine
https://en.wikipedia.org/wiki/Aquamarine_(gemstone),Aquamarine
https://en.wikipedia.org/wiki/Aragonite,Aragonite
https://en.wikipedia.org/wiki/Arfvedsonite,Arfvedsonite
https://en.wikipedia.org/wiki/Asbestos,Asbestos
https://en.wikipedia.org/wiki/Astrophyllite,Astrophyllite
https://en.wikipedia.org/wiki/Atacamite,Atacamite
https://en.wikipedia.org/wiki/Augelite,Augelite
https://en.wikipedia.org/wiki/Austinite,Austinite
https://en.wikipedia.org/wiki/Aventurine,Aventurine
https://en.wikipedia.org/wiki/Axinite,Axinite
https://en.wikipedia.org/wiki/Azurite,Azurite
https://en.wikipedia.org/wiki/Azurmalachite,Azurmalachite
https://en.wikipedia.org/wiki/Ballas,Ballas
https://en.wikipedia.org/wiki/Baltic_amber,Baltic amber
https://en.wikipedia.org/wiki/Baryte,Baryte
https://en.wikipedia.org/wiki/Bastnaesite,Bastnaesite
https://en.wikipedia.org/wiki/Bauxite,Bauxite
https://en.wikipedia.org/wiki/Bayldonite,Bayldonite
https://en.wikipedia.org/wiki/Benitoite,Benitoite
https://en.wikipedia.org/wiki/Beryl,Beryl
https://en.wikipedia.org/wiki/Beryllium,Beryllium
https://en.wikipedia.org/wiki/Beryllonite,Beryllonite
https://en.wikipedia.org/wiki/Beudantite,Beudantite
https://en.wikipedia.org/wiki/Biotite,Biotite
https://en.wikipedia.org/wiki/Boleite,Boleite
https://en.wikipedia.org/wiki/Bone,Bone
https://en.wikipedia.org/wiki/Boracite,Boracite
https://en.wikipedia.org/wiki/Bornite,Bornite
https://en.wikipedia.org/wiki/Bort,Bort
https://en.wikipedia.org/wiki/Bowenite,Bowenite
https://en.wikipedia.org/wiki/Brazilianite,Brazilianite
https://en.wikipedia.org/wiki/Breithauptite,Breithauptite
https://en.wikipedia.org/wiki/Bronzite,Bronzite
https://en.wikipedia.org/wiki/Brookite,Brookite
https://en.wikipedia.org/wiki/Brucite,Brucite
https://en.wikipedia.org/wiki/Bustamite,Bustamite
https://en.wikipedia.org/wiki/Bytownite,Bytownite
https://en.wikipedia.org/wiki/Cacholong,Cacholong
https://en.wikipedia.org/wiki/Calcite,Calcite
https://en.wikipedia.org/wiki/Caledonite,Caledonite
https://en.wikipedia.org/wiki/Californite,Californite
https://en.wikipedia.org/wiki/Canasite,Canasite
https://en.wikipedia.org/wiki/Cancrinite,Cancrinite
https://en.wikipedia.org/wiki/Carletonite,Carletonite
https://en.wikipedia.org/wiki/Carnallite,Carnallite
https://en.wikipedia.org/wiki/Carnelian,Carnelian
https://en.wikipedia.org/wiki/Cassiterite,Cassiterite
https://en.wikipedia.org/wiki/Catapleiite,Catapleiite
https://en.wikipedia.org/wiki/Cavansite,Cavansite
https://en.wikipedia.org/wiki/Celestine_(mineral),Celestine
https://en.wikipedia.org/wiki/Celsian,Celsian
https://en.wikipedia.org/wiki/Cerussite,Cerussite
https://en.wikipedia.org/wiki/Ceylonite,Ceylonite
https://en.wikipedia.org/wiki/Chabazite,Chabazite
https://en.wikipedia.org/wiki/Chalcedony#Agate,Chalcedony
https://en.wikipedia.org/wiki/Chalcedony,Chalcedony
https://en.wikipedia.org/wiki/Chalcopyrite,Chalcopyrite
https://en.wikipedia.org/wiki/Chambersite,Chambersite
https://en.wikipedia.org/wiki/Charlesite,Charlesite
https://en.wikipedia.org/wiki/Charoite,Charoite
https://en.wikipedia.org/wiki/Chiastolite,Chiastolite
https://en.wikipedia.org/wiki/Childrenite,Childrenite
https://en.wikipedia.org/wiki/Chiolite,Chiolite
https://en.wikipedia.org/wiki/Chlorastrolite,Chlorastrolite
https://en.wikipedia.org/wiki/Chondrodite,Chondrodite
https://en.wikipedia.org/wiki/Chromite,Chromite
https://en.wikipedia.org/wiki/Chrysoberyl#Alexandrite,Chrysoberyl
https://en.wikipedia.org/wiki/Chrysoberyl,Chrysoberyl
https://en.wikipedia.org/wiki/Chrysocolla,Chrysocolla
https://en.wikipedia.org/wiki/Chrysoprase,Chrysoprase
https://en.wikipedia.org/wiki/Chrysotile,Chrysotile
https://en.wikipedia.org/wiki/Cinnabar,Cinnabar
https://en.wikipedia.org/wiki/Citrine_quartz,Citrine quartz
https://en.wikipedia.org/wiki/Clinochlore,Clinochlore
https://en.wikipedia.org/wiki/Clinohumite,Clinohumite
https://en.wikipedia.org/wiki/Clinozoisite,Clinozoisite
https://en.wikipedia.org/wiki/Clintonite,Clintonite
https://en.wikipedia.org/wiki/Cobaltite,Cobaltite
https://en.wikipedia.org/wiki/Colemanite,Colemanite
https://en.wikipedia.org/wiki/Concretion,Concretion
https://en.wikipedia.org/wiki/Copal,Copal
https://en.wikipedia.org/wiki/Coral_(precious),Coral
https://en.wikipedia.org/wiki/Cordierite,Cordierite
https://en.wikipedia.org/wiki/Cornwallite,Cornwallite
https://en.wikipedia.org/wiki/Corundum,Corundum
https://en.wikipedia.org/wiki/Covellite,Covellite
https://en.wikipedia.org/wiki/Creedite,Creedite
https://en.wikipedia.org/wiki/Crocidolite,Crocidolite
https://en.wikipedia.org/wiki/Crocoite,Crocoite
https://en.wikipedia.org/wiki/Cryolite,Cryolite
https://en.wikipedia.org/wiki/Cubic_zirconia,Cubic zirconia
https://en.wikipedia.org/wiki/Cuprite,Cuprite
https://en.wikipedia.org/wiki/Cymophane,Cymophane
https://en.wikipedia.org/wiki/Danburite,Danburite
https://en.wikipedia.org/wiki/Datolite,Datolite
https://en.wikipedia.org/wiki/Demantoid,Demantoid
https://en.wikipedia.org/wiki/Dendrite_(crystal),Dendrite
https://en.wikipedia.org/wiki/Descloizite,Descloizite
https://en.wikipedia.org/wiki/Diamond,Diamond
https://en.wikipedia.org/wiki/Diaspore,Diaspore
https://en.wikipedia.org/wiki/Diopside,Diopside
https://en.wikipedia.org/wiki/Dioptase,Dioptase
https://en.wikipedia.org/wiki/Dolomite_(mineral),Dolomite
https://en.wikipedia.org/wiki/Dravite,Dravite
https://en.wikipedia.org/wiki/Druzy,Druzy
https://en.wikipedia.org/wiki/Dumortierite,Dumortierite
https://en.wikipedia.org/wiki/Eilat_stone,Eilat stone
https://en.wikipedia.org/wiki/Ekanite,Ekanite
https://en.wikipedia.org/wiki/Elbaite,Elbaite
https://en.wikipedia.org/wiki/Emerald,Emerald
https://en.wikipedia.org/wiki/Enstatite,Enstatite
https://en.wikipedia.org/wiki/Eosphorite,Eosphorite
https://en.wikipedia.org/wiki/Epidosite,Epidosite
https://en.wikipedia.org/wiki/Epidote,Epidote
https://en.wikipedia.org/wiki/Erythrite,Erythrite
https://en.wikipedia.org/wiki/Esperite,Esperite
https://en.wikipedia.org/wiki/Ettringite,Ettringite
https://en.wikipedia.org/wiki/Euclase,Euclase
https://en.wikipedia.org/wiki/Eudialyte,Eudialyte
https://en.wikipedia.org/wiki/Euxenite,Euxenite
https://en.wikipedia.org/wiki/Fayalite,Fayalite
https://en.wikipedia.org/wiki/Feldspar,Feldspar
https://en.wikipedia.org/wiki/Fergusonite,Fergusonite
https://en.wikipedia.org/wiki/Ferroaxinite,Ferroaxinite
https://en.wikipedia.org/wiki/Fire_agate,Fire agate
https://en.wikipedia.org/wiki/Fire_opal,Fire opal
https://en.wikipedia.org/wiki/Flint,Flint
https://en.wikipedia.org/wiki/Fluorapatite,Fluorapatite
https://en.wikipedia.org/wiki/Fluorapophyllite,Fluorapophyllite
https://en.wikipedia.org/wiki/Fluorite,Fluorite
https://en.wikipedia.org/wiki/Fluor-liddicoatite,Fluor-liddicoatite
https://en.wikipedia.org/wiki/Fordite,Fordite
https://en.wikipedia.org/wiki/Forsterite,Forsterite
https://en.wikipedia.org/wiki/Friedelite,Friedelite
https://en.wikipedia.org/wiki/Fuchsite,Fuchsite
https://en.wikipedia.org/wiki/Gadolinite,Gadolinite
https://en.wikipedia.org/wiki/Gadolinium_gallium_garnet,Gadolinium gallium garnet
https://en.wikipedia.org/wiki/Gahnite,Gahnite
https://en.wikipedia.org/wiki/Garnet,Garnet
https://en.wikipedia.org/wiki/Garnet#Pyralspite_garnets_%E2%80%93_aluminium_in_Y_site,Garnet
https://en.wikipedia.org/wiki/Garnet#Ugrandite_group_%E2%80%93_calcium_in_X_site,Garnet
https://en.wikipedia.org/wiki/Gaspeite,Gaspeite
https://en.wikipedia.org/wiki/Gaylussite,Gaylussite
https://en.wikipedia.org/wiki/Gibbsite,Gibbsite
https://en.wikipedia.org/wiki/Glaucophane,Glaucophane
https://en.wikipedia.org/wiki/Glimmerite,Glimmerite
https://en.wikipedia.org/wiki/Goethite,Goethite
https://en.wikipedia.org/wiki/Golden_beryl,Golden beryl
https://en.wikipedia.org/wiki/Golden_sheen_sapphire,Golden sheen sapphire
https://en.wikipedia.org/wiki/Goldstone_(glass),Goldstone
https://en.wikipedia.org/wiki/Goosecreekite,Goosecreekite
https://en.wikipedia.org/wiki/Goshenite_(gem),Goshenite
https://en.wikipedia.org/wiki/Grandidierite,Grandidierite
https://en.wikipedia.org/wiki/Granite,Granite
https://en.wikipedia.org/wiki/Graphic_texture,Graphic texture
https://en.wikipedia.org/wiki/Grossular,Grossular
https://en.wikipedia.org/wiki/Gypsum,Gypsum
https://en.wikipedia.org/wiki/Gyrolite,Gyrolite
https://en.wikipedia.org/wiki/Hackmanite,Hackmanite
https://en.wikipedia.org/wiki/Halite,Halite
https://en.wikipedia.org/wiki/Hambergite,Hambergite
https://en.wikipedia.org/wiki/Hanksite,Hanksite
https://en.wikipedia.org/wiki/Hardystonite,Hardystonite
https://en.wikipedia.org/wiki/Hauyne,Hauyne
https://en.wikipedia.org/wiki/Hawk%27s_eye,Hawk's eye
https://en.wikipedia.org/wiki/Helenite,
https://en.wikipedia.org/wiki/Helenite,Helenite
https://en.wikipedia.org/wiki/Heliodor,Heliodor
https://en.wikipedia.org/wiki/Heliodor,Heliodor,Heliodor, pink, yellow-green
https://en.wikipedia.org/wiki/Heliotrope_(mineral),Heliotrope
https://en.wikipedia.org/wiki/Hematite,Hematite
https://en.wikipedia.org/wiki/Hemimorphite,Hemimorphite
https://en.wikipedia.org/wiki/Herderite,Herderite
https://en.wikipedia.org/wiki/Hessonite,Hessonite
https://en.wikipedia.org/wiki/Hexagonite,Hexagonite
https://en.wikipedia.org/wiki/Hibonite,Hibonite
https://en.wikipedia.org/wiki/Hiddenite,Hiddenite
https://en.wikipedia.org/wiki/Hodgkinsonite,Hodgkinsonite
https://en.wikipedia.org/wiki/Howlite,Howlite
https://en.wikipedia.org/wiki/Huebnerite,Huebnerite
https://en.wikipedia.org/wiki/Humite,Humite
https://en.wikipedia.org/wiki/Hureaulite,Hureaulite
https://en.wikipedia.org/wiki/Hydrogrossular,Hydrogrossular
https://en.wikipedia.org/wiki/Hypersthene,Hypersthene
https://en.wikipedia.org/wiki/Iddingsite,Iddingsite
https://en.wikipedia.org/wiki/Ilmenite,Ilmenite
https://en.wikipedia.org/wiki/Inderite,Inderite
https://en.wikipedia.org/wiki/Indicolite,Indicolite
https://en.wikipedia.org/wiki/Indicolite,Indicolite,Indicolite, polychromous
https://en.wikipedia.org/wiki/Iolite,Iolite
https://en.wikipedia.org/wiki/Iridescent,Iridescent,iridescent <abbr title="variety,var.</abbr>)
https://en.wikipedia.org/wiki/Ivory,Ivory
https://en.wikipedia.org/wiki/Jacinth,Jacinth
https://en.wikipedia.org/wiki/Jadeite,Jadeite
https://en.wikipedia.org/wiki/Jade,Jade
https://en.wikipedia.org/wiki/Jasper,Jasper
https://en.wikipedia.org/wiki/Jeremejevite,Jeremejevite
https://en.wikipedia.org/wiki/Jet_(lignite),Jet
https://en.wikipedia.org/wiki/Kainite,Kainite
https://en.wikipedia.org/wiki/Kaolinite,Kaolinite
https://en.wikipedia.org/wiki/Kimberlite,Kimberlite
https://en.wikipedia.org/wiki/Kornerupine,Kornerupine
https://en.wikipedia.org/wiki/Kunzite,Kunzite
https://en.wikipedia.org/wiki/Kurnakovite,Kurnakovite
https://en.wikipedia.org/wiki/Kutnohorite,Kutnohorite
https://en.wikipedia.org/wiki/Kyanite,Kyanite
https://en.wikipedia.org/wiki/Labradorite,Labradorite
https://en.wikipedia.org/wiki/Lamproite,Lamproite
https://en.wikipedia.org/wiki/Langbeinite,Langbeinite
https://en.wikipedia.org/wiki/Lapis_lazuli,Lapis lazuli
https://en.wikipedia.org/wiki/Larimar,Larimar
https://en.wikipedia.org/wiki/Lawsonite,Lawsonite
https://en.wikipedia.org/wiki/Lazulite,Lazulite
https://en.wikipedia.org/wiki/Lazurite,Lazurite
https://en.wikipedia.org/wiki/Legrandite,Legrandite
https://en.wikipedia.org/wiki/Lepidolite,Lepidolite
https://en.wikipedia.org/wiki/Leucite,Leucite
https://en.wikipedia.org/wiki/Leucophanite,Leucophanite
https://en.wikipedia.org/wiki/Libyan_desert_glass,Libyan desert glass
https://en.wikipedia.org/wiki/Linarite,Linarite
https://en.wikipedia.org/wiki/Lizardite,Lizardite
https://en.wikipedia.org/wiki/Llanite,Llanite
https://en.wikipedia.org/wiki/Londonite,Londonite
https://en.wikipedia.org/wiki/Ludlamite,Ludlamite
https://en.wikipedia.org/wiki/Ludwigite,Ludwigite
https://en.wikipedia.org/wiki/Magnesioaxinite,Magnesioaxinite
https://en.wikipedia.org/wiki/Magnesite,Magnesite
https://en.wikipedia.org/wiki/Malachite,Malachite
https://en.wikipedia.org/wiki/Malaia_garnet,Malaia garnet
https://en.wikipedia.org/wiki/Manganaxinite,Manganaxinite
https://en.wikipedia.org/wiki/Manganoan_calcite,Manganoan calcite
https://en.wikipedia.org/wiki/Marcasite,Marcasite
https://en.wikipedia.org/wiki/Marialite,Marialite
https://en.wikipedia.org/wiki/Marialite,Marialite,Marialite-<a href="https://en.wikipedia.org/wiki/Meionite,Meionite,meionite
https://en.wikipedia.org/wiki/Maw_sit_sit,Maw sit sit
https://en.wikipedia.org/wiki/Maxixe_(gemstone),Maxixe
https://en.wikipedia.org/wiki/Meionite,Meionite
https://en.wikipedia.org/wiki/Melanite,Melanite
https://en.wikipedia.org/wiki/Mellite,Mellite
https://en.wikipedia.org/wiki/Mesolite,Mesolite
https://en.wikipedia.org/wiki/Metal-coated_crystal,Metal-coated crystal
https://en.wikipedia.org/wiki/Microcline,Microcline
https://en.wikipedia.org/wiki/Microlite,Microlite
https://en.wikipedia.org/wiki/Milarite,Milarite
https://en.wikipedia.org/wiki/Milky_quartz,Milky quartz
https://en.wikipedia.org/wiki/Millerite,Millerite
https://en.wikipedia.org/wiki/Mimetite,Mimetite
https://en.wikipedia.org/wiki/Moldavite,Moldavite
https://en.wikipedia.org/wiki/Monazite,Monazite
https://en.wikipedia.org/wiki/Moonstone_(gemstone),Moonstone
https://en.wikipedia.org/wiki/Mordenite,Mordenite
https://en.wikipedia.org/wiki/Morganite_(gem),Morganite
https://en.wikipedia.org/wiki/Morganite,Morganite
https://en.wikipedia.org/wiki/Moss_agate,Moss agate
https://en.wikipedia.org/wiki/Mottramite,Mottramite
https://en.wikipedia.org/wiki/Muscovite,Muscovite
https://en.wikipedia.org/wiki/Musgravite,Musgravite
https://en.wikipedia.org/wiki/Nacre,Nacre
https://en.wikipedia.org/wiki/Nambulite,Nambulite
https://en.wikipedia.org/wiki/Narsarsukite,Narsarsukite
https://en.wikipedia.org/wiki/Natrolite,Natrolite
https://en.wikipedia.org/wiki/Nepheline,Nepheline
https://en.wikipedia.org/wiki/Nephrite,Nephrite
https://en.wikipedia.org/wiki/Neptunite,Neptunite
https://en.wikipedia.org/wiki/Nickeline,Nickeline
https://en.wikipedia.org/wiki/Nosean,Nosean
https://en.wikipedia.org/wiki/Nuummite,Nuummite
https://en.wikipedia.org/wiki/Obsidian,Obsidian
https://en.wikipedia.org/wiki/Olenite,Olenite
https://en.wikipedia.org/wiki/Oligoclase,Oligoclase
https://en.wikipedia.org/wiki/Olivine,Olivine
https://en.wikipedia.org/wiki/Onyx,Onyx
https://en.wikipedia.org/wiki/Opal,Opal
https://en.wikipedia.org/wiki/Opal#Other_varieties_of_opal,Opal
https://en.wikipedia.org/wiki/Opal#Precious_opal,Opal
https://en.wikipedia.org/wiki/Operculum_(gastropod),Operculum
https://en.wikipedia.org/wiki/Oregon_sunstone,Oregon sunstone
https://en.wikipedia.org/wiki/Orthoclase,Orthoclase
https://en.wikipedia.org/wiki/Padparadscha,Padparadscha
https://en.wikipedia.org/wiki/Pagodite,Pagodite
https://en.wikipedia.org/wiki/Painite,Painite
https://en.wikipedia.org/wiki/Pallasite,Pallasite
https://en.wikipedia.org/wiki/Palygorskite,Palygorskite
https://en.wikipedia.org/wiki/Papagoite,Papagoite
https://en.wikipedia.org/wiki/Pargasite,Pargasite
https://en.wikipedia.org/wiki/Parisite,Parisite
https://en.wikipedia.org/wiki/Pearl#Natural_pearls,Pearl
https://en.wikipedia.org/wiki/Pearl,Pearl
https://en.wikipedia.org/wiki/Pectolite,Pectolite
https://en.wikipedia.org/wiki/Pentlandite,Pentlandite
https://en.wikipedia.org/wiki/Periclase,Periclase
https://en.wikipedia.org/wiki/Peridotite,Peridotite
https://en.wikipedia.org/wiki/Peridot,Peridot
https://en.wikipedia.org/wiki/Perthite,Perthite
https://en.wikipedia.org/wiki/Petalite,Petalite
https://en.wikipedia.org/wiki/Petrified_wood,Petrified wood
https://en.wikipedia.org/wiki/Pezzottaite,Pezzottaite
https://en.wikipedia.org/wiki/Phenakite,Phenakite
https://en.wikipedia.org/wiki/Phlogopite,Phlogopite
https://en.wikipedia.org/wiki/Phosgenite,Phosgenite
https://en.wikipedia.org/wiki/Phosphophyllite,Phosphophyllite
https://en.wikipedia.org/wiki/Phosphosiderite,Phosphosiderite
https://en.wikipedia.org/wiki/Piemontite,Piemontite
https://en.wikipedia.org/wiki/Pietersite,Pietersite
https://en.wikipedia.org/wiki/Plagioclase,Plagioclase
https://en.wikipedia.org/wiki/Plumbogummite,Plumbogummite
https://en.wikipedia.org/wiki/Pollucite,Pollucite
https://en.wikipedia.org/wiki/Polyhalite,Polyhalite
https://en.wikipedia.org/wiki/Poudretteite,Poudretteite
https://en.wikipedia.org/wiki/Powellite,Powellite
https://en.wikipedia.org/wiki/Prasiolite,Prasiolite
https://en.wikipedia.org/wiki/Prehnite,Prehnite
https://en.wikipedia.org/wiki/Prismatine,Prismatine
https://en.wikipedia.org/wiki/Proustite,Proustite
https://en.wikipedia.org/wiki/Psilomelane,Psilomelane
https://en.wikipedia.org/wiki/Pumpellyite,Pumpellyite
https://en.wikipedia.org/wiki/Purpurite,Purpurite
https://en.wikipedia.org/wiki/Pyrargyrite,Pyrargyrite
https://en.wikipedia.org/wiki/Pyrite,Pyrite
https://en.wikipedia.org/wiki/Pyromorphite,Pyromorphite
https://en.wikipedia.org/wiki/Pyrope,Pyrope
https://en.wikipedia.org/wiki/Pyrophyllite,Pyrophyllite
https://en.wikipedia.org/wiki/Pyroxmangite,Pyroxmangite
https://en.wikipedia.org/wiki/Pyrrhotite,Pyrrhotite
https://en.wikipedia.org/wiki/Quartzite,Quartzite
https://en.wikipedia.org/wiki/Quartz,Quartz
https://en.wikipedia.org/wiki/Quartz#Rose_quartz,Quartz
https://en.wikipedia.org/wiki/Radiolarite,Radiolarite
https://en.wikipedia.org/wiki/Rainbow_lattice_sunstone,Rainbow lattice sunstone
https://en.wikipedia.org/wiki/Realgar,Realgar
https://en.wikipedia.org/wiki/Red_beryl,Red beryl
https://en.wikipedia.org/wiki/Rhodizite,Rhodizite
https://en.wikipedia.org/wiki/Rhodochrosite,Rhodochrosite
https://en.wikipedia.org/wiki/Rhodolite,Rhodolite
https://en.wikipedia.org/wiki/Rhodolite,Rhodolite,Rhodolite, 
https://en.wikipedia.org/wiki/Rhodonite,Rhodonite
https://en.wikipedia.org/wiki/Richterite,Richterite
https://en.wikipedia.org/wiki/Riebeckite,Riebeckite
https://en.wikipedia.org/wiki/Rock_crystal,Rock crystal
https://en.wikipedia.org/wiki/Rosasite,Rosasite
https://en.wikipedia.org/wiki/Rossmanite,Rossmanite
https://en.wikipedia.org/wiki/Rubellite,Rubellite
https://en.wikipedia.org/wiki/Ruby,Ruby
https://en.wikipedia.org/wiki/Rutile,Rutile
https://en.wikipedia.org/wiki/Samarskite,Samarskite
https://en.wikipedia.org/wiki/Sanidine,Sanidine
https://en.wikipedia.org/wiki/Sapphire#Blue_sapphire,Sapphire
https://en.wikipedia.org/wiki/Sapphire#Pink_sapphires,Sapphire
https://en.wikipedia.org/wiki/Sapphire,Sapphire
https://en.wikipedia.org/wiki/Sapphire#Sapphires_of_other_colors,Sapphire,Yellow, Green, Violet Sapphires
https://en.wikipedia.org/wiki/Sapphirine,Sapphirine
https://en.wikipedia.org/wiki/Sarcolite,Sarcolite
https://en.wikipedia.org/wiki/Sardonyx,Sardonyx
https://en.wikipedia.org/wiki/Sard,Sard
https://en.wikipedia.org/wiki/S%C3%A9randite,Sérandite
https://en.wikipedia.org/wiki/Scapolite,Scapolite
https://en.wikipedia.org/wiki/Scheelite,Scheelite
https://en.wikipedia.org/wiki/Schizolite,Schizolite
https://en.wikipedia.org/wiki/Scolecite,Scolecite
https://en.wikipedia.org/wiki/Scorodite,Scorodite
https://en.wikipedia.org/wiki/Seashell,Seashell
https://en.wikipedia.org/wiki/Selenite_(mineral),Selenite
https://en.wikipedia.org/wiki/Sellaite,Sellaite
https://en.wikipedia.org/wiki/Senarmontite,Senarmontite
https://en.wikipedia.org/wiki/Sepiolite,Sepiolite
https://en.wikipedia.org/wiki/Seraphinite,Seraphinite
https://en.wikipedia.org/wiki/Serendibite,Serendibite
https://en.wikipedia.org/wiki/Serpentine_subgroup,Serpentine subgroup
https://en.wikipedia.org/wiki/Serpentinite,Serpentinite
https://en.wikipedia.org/wiki/Shattuckite,Shattuckite
https://en.wikipedia.org/wiki/Shigaite,Shigaite
https://en.wikipedia.org/wiki/Shocked_quartz,Shocked quartz
https://en.wikipedia.org/wiki/Shortite,Shortite
https://en.wikipedia.org/wiki/Shungite,Shungite
https://en.wikipedia.org/wiki/Siderite,Siderite
https://en.wikipedia.org/wiki/Siilinj%C3%A4rvi_carbonatite,Siilinjärvi carbonatite
https://en.wikipedia.org/wiki/Sillimanite,Sillimanite
https://en.wikipedia.org/wiki/Simpsonite,Simpsonite
https://en.wikipedia.org/wiki/Sinhalite,Sinhalite
https://en.wikipedia.org/wiki/Smaltite,Smaltite
https://en.wikipedia.org/wiki/Smithsonite,Smithsonite
https://en.wikipedia.org/wiki/Smoky_quartz,Smoky quartz
https://en.wikipedia.org/wiki/Smoky_Quartz,Smoky Quartz
https://en.wikipedia.org/wiki/Soapstone,Soapstone
https://en.wikipedia.org/wiki/Sodalite,Sodalite
https://en.wikipedia.org/wiki/Sperrylite,Sperrylite
https://en.wikipedia.org/wiki/Spessartine,Spessartine
https://en.wikipedia.org/wiki/Spessartine,Spessartine,Spessartine (malaya),
https://en.wikipedia.org/wiki/Spessartite,Spessartite
https://en.wikipedia.org/wiki/Sphalerite,Sphalerite
https://en.wikipedia.org/wiki/Spinel,Spinel
https://en.wikipedia.org/wiki/Spodumene,Spodumene
https://en.wikipedia.org/wiki/Spodumene#Triphane,Spodumene
https://en.wikipedia.org/wiki/Spurrite,Spurrite
https://en.wikipedia.org/wiki/Staurolite,Staurolite
https://en.wikipedia.org/wiki/Stellerite,Stellerite
https://en.wikipedia.org/wiki/Stibiotantalite,Stibiotantalite
https://en.wikipedia.org/wiki/Stichtite,Stichtite
https://en.wikipedia.org/wiki/Stilbite,Stilbite
https://en.wikipedia.org/wiki/Stolzite,Stolzite
https://en.wikipedia.org/wiki/Strontianite,Strontianite
https://en.wikipedia.org/wiki/Strontium_titanate,Strontium titanate
https://en.wikipedia.org/wiki/Sugilite,Sugilite
https://en.wikipedia.org/wiki/Sulfur,Sulfur
https://en.wikipedia.org/wiki/Sunstone,Sunstone
https://en.wikipedia.org/wiki/Sylvite,Sylvite
https://en.wikipedia.org/wiki/Taaffeite,Taaffeite
https://en.wikipedia.org/wiki/Tactite,Tactite
https://en.wikipedia.org/wiki/Talc,Talc
https://en.wikipedia.org/wiki/Tantalite,Tantalite
https://en.wikipedia.org/wiki/Tanzanite,Tanzanite
https://en.wikipedia.org/wiki/Tektites,Tektites
https://en.wikipedia.org/wiki/Tephroite,Tephroite
https://en.wikipedia.org/wiki/Terbium_gallium_garnet,Terbium gallium garnet
https://en.wikipedia.org/wiki/Thaumasite,Thaumasite
https://en.wikipedia.org/wiki/Thomsonite,Thomsonite
https://en.wikipedia.org/wiki/Thulite,Thulite
https://en.wikipedia.org/wiki/Tiger%27s_eye,Tiger's eye
https://en.wikipedia.org/wiki/Tiger%27s_Eye,Tiger's Eye
https://en.wikipedia.org/wiki/Tinaksite,Tinaksite
https://en.wikipedia.org/wiki/Tinzenite,Tinzenite
https://en.wikipedia.org/wiki/Titanite,Titanite
https://en.wikipedia.org/wiki/Topazolite,Topazolite
https://en.wikipedia.org/wiki/Topaz,Topaz
https://en.wikipedia.org/wiki/Topaz,Topaz,Topaz yellow, blue, pink
https://en.wikipedia.org/wiki/Tourmaline#Africa,Tourmaline
https://en.wikipedia.org/wiki/Tourmaline#Brazil,Tourmaline
https://en.wikipedia.org/wiki/Tourmaline#Species_and_varieties,Tourmaline
https://en.wikipedia.org/wiki/Tourmaline,Tourmaline
https://en.wikipedia.org/wiki/Trapiche_emerald,Trapiche emerald
https://en.wikipedia.org/wiki/Tremolite,Tremolite
https://en.wikipedia.org/wiki/Trinitite,Trinitite
https://en.wikipedia.org/wiki/Triphylite,Triphylite
https://en.wikipedia.org/wiki/Triplite,Triplite
https://en.wikipedia.org/wiki/Tsavorite,Tsavorite
https://en.wikipedia.org/wiki/Tugtupite,Tugtupite
https://en.wikipedia.org/wiki/Turquoise,Turquoise
https://en.wikipedia.org/wiki/Ulexite,Ulexite
https://en.wikipedia.org/wiki/Unakite,Unakite
https://en.wikipedia.org/wiki/Ussingite,Ussingite
https://en.wikipedia.org/wiki/Uvarovite,Uvarovite
https://en.wikipedia.org/wiki/Vanadinite,Vanadinite
https://en.wikipedia.org/wiki/Variscite,Variscite
https://en.wikipedia.org/wiki/V%C3%A4yrynenite,Väyrynenite
https://en.wikipedia.org/wiki/Verd_antique,Verd antique
https://en.wikipedia.org/wiki/Vesuvianite,Vesuvianite
https://en.wikipedia.org/wiki/Villiaumite,Villiaumite
https://en.wikipedia.org/wiki/Vishnevite,Vishnevite
https://en.wikipedia.org/wiki/Vivianite,Vivianite
https://en.wikipedia.org/wiki/Vlasovite,Vlasovite
https://en.wikipedia.org/wiki/Volcanic_ash,Volcanic ash
https://en.wikipedia.org/wiki/Wardite,Wardite
https://en.wikipedia.org/wiki/Wavellite,Wavellite
https://en.wikipedia.org/wiki/Weloganite,Weloganite
https://en.wikipedia.org/wiki/Wernerite,Wernerite
https://en.wikipedia.org/wiki/Whewellite,Whewellite
https://en.wikipedia.org/wiki/Wilkeite,Wilkeite
https://en.wikipedia.org/wiki/Willemite,Willemite
https://en.wikipedia.org/wiki/Witherite,Witherite
https://en.wikipedia.org/wiki/Wollastonite,Wollastonite
https://en.wikipedia.org/wiki/Wulfenite,Wulfenite
https://en.wikipedia.org/wiki/Wurtzite,Wurtzite
https://en.wikipedia.org/wiki/Xonotlite,Xonotlite
https://en.wikipedia.org/wiki/Yttrium_aluminium_garnet#Gemstone_YAG,Yttrium aluminium garnet
https://en.wikipedia.org/wiki/Yttrium_iron_garnet#Gemstone_YIG,Yttrium iron garnet
https://en.wikipedia.org/wiki/Yugawaralite,Yugawaralite
https://en.wikipedia.org/wiki/Zektzerite,Zektzerite
https://en.wikipedia.org/wiki/Zeolites,Zeolites
https://en.wikipedia.org/wiki/Zincite,Zincite
https://en.wikipedia.org/wiki/Zinnwaldite,Zinnwaldite
https://en.wikipedia.org/wiki/Zircon,Zircon
https://en.wikipedia.org/wiki/Zoisite,Zoisite
https://en.wikipedia.org/wiki/Zultanite,Zultanite
https://en.wikipedia.org/wiki/Zunyite,Zunyite